run_id,kind,gen_delay,trans_delay,fuel
base,base,0.0,0.0,0.0
oat_gen_delay_low,tornado,-0.2,0.0,0.0
oat_gen_delay_high,tornado,0.2,0.0,0.0
oat_trans_delay_low,tornado,0.0,-0.2,0.0
oat_trans_delay_high,tornado,0.0,0.2,0.0
oat_fuel_low,tornado,0.0,0.0,-0.15
oat_fuel_high,tornado,0.0,0.0,0.15
mc_000,montecarlo,-0.1157,-0.19,0.1346
mc_001,montecarlo,-0.0891,-0.0563,-0.0703
mc_002,montecarlo,-0.1011,0.1578,-0.1119
mc_003,montecarlo,0.035,0.1114,0.1296
mc_004,montecarlo,-0.1364,0.0359,-0.0594
mc_005,montecarlo,-0.1666,0.0139,-0.1365
mc_006,montecarlo,0.182,0.1171,-0.1146
mc_007,montecarlo,-0.0384,-0.1443,0.0362
mc_008,montecarlo,0.0953,-0.087,0.0127
mc_009,montecarlo,0.0985,0.0263,-0.0251
mc_010,montecarlo,-0.1404,-0.0809,0.0075
mc_011,montecarlo,-0.1569,0.1733,0.0437
mc_012,montecarlo,0.1573,0.0517,0.1421
mc_013,montecarlo,0.1731,-0.1708,-0.0372
mc_014,montecarlo,-0.0274,0.0414,0.0415
mc_015,montecarlo,-0.1445,-0.1922,0.0038
mc_016,montecarlo,-0.0145,0.0897,0.1269
mc_017,montecarlo,0.0252,-0.0352,0.0317
mc_018,montecarlo,0.1531,-0.0575,-0.1404
mc_019,montecarlo,0.1208,0.0083,-0.118
mc_020,montecarlo,0.1053,-0.0396,0.0865
mc_021,montecarlo,-0.094,0.1771,0.1484
mc_022,montecarlo,-0.0462,0.1417,0.0528
mc_023,montecarlo,-0.1513,-0.071,0.0654
mc_024,montecarlo,0.1347,-0.0142,0.1197
mc_025,montecarlo,0.1792,0.0045,0.0807
mc_026,montecarlo,0.0269,-0.1066,-0.0203
mc_027,montecarlo,0.002,-0.1516,0.1158
mc_028,montecarlo,0.0429,0.0306,-0.1224
mc_029,montecarlo,0.1621,-0.0223,0.0257
mc_030,montecarlo,0.1011,-0.1381,0.0185
mc_031,montecarlo,0.0522,0.1646,0.1228
mc_032,montecarlo,-0.1889,0.1215,-0.1489
mc_033,montecarlo,0.1922,0.0435,-0.0605
mc_034,montecarlo,0.0304,-0.1161,-0.029
mc_035,montecarlo,0.0676,-0.0039,-0.0638
mc_036,montecarlo,-0.1499,-0.125,0.1475
mc_037,montecarlo,-0.1931,0.0696,0.113
mc_038,montecarlo,-0.0815,-0.0971,0.1364
mc_039,montecarlo,-0.0426,0.1973,0.03
mc_040,montecarlo,0.0851,-0.182,-0.1338
mc_041,montecarlo,-0.1678,0.1884,0.0015
mc_042,montecarlo,-0.1237,0.1437,-0.0761
mc_043,montecarlo,0.1279,0.0936,-0.0697
mc_044,montecarlo,-0.1723,0.0661,-0.1432
mc_045,montecarlo,-0.0256,-0.1306,-0.0452
mc_046,montecarlo,0.0471,0.0213,0.1023
mc_047,montecarlo,0.0555,0.1024,-0.1385
mc_048,montecarlo,0.1127,-0.0283,0.0984
mc_049,montecarlo,-0.0051,-0.0642,-0.0908
mc_050,montecarlo,0.0085,0.0577,0.1324
mc_051,montecarlo,-0.1368,-0.0118,0.0699
mc_052,montecarlo,0.0923,-0.1104,0.0382
mc_053,montecarlo,0.0758,-0.0073,-0.1302
mc_054,montecarlo,-0.1804,-0.0756,0.1043
mc_055,montecarlo,-0.0693,0.0196,-0.0303
mc_056,montecarlo,-0.0512,-0.1087,0.0879
mc_057,montecarlo,-0.0909,-0.1777,0.0524
mc_058,montecarlo,-0.0539,0.0824,-0.0106
mc_059,montecarlo,-0.0622,0.1747,-0.1071
mc_060,montecarlo,0.0456,-0.1006,0.1214
mc_061,montecarlo,0.0787,0.0482,-0.0797
mc_062,montecarlo,-0.072,-0.1168,0.0343
mc_063,montecarlo,-0.0997,-0.0169,0.0565
mc_064,montecarlo,-0.0755,0.183,-0.0886
mc_065,montecarlo,0.0599,-0.0303,-0.0504
mc_066,montecarlo,0.0141,-0.0495,0.0219
mc_067,montecarlo,-0.1763,0.0722,-0.0398
mc_068,montecarlo,0.0712,-0.0009,-0.0081
mc_069,montecarlo,-0.0097,0.1851,-0.1161
mc_070,montecarlo,-0.1058,-0.1416,-0.0945
mc_071,montecarlo,0.1497,0.0107,0.0159
mc_072,montecarlo,-0.1789,-0.1628,0.0113
mc_073,montecarlo,0.1153,0.1093,-0.0229
mc_074,montecarlo,0.1875,-0.0795,0.0947
mc_075,montecarlo,0.0056,-0.0842,0.1053
mc_076,montecarlo,-0.0496,0.0603,-0.0964
mc_077,montecarlo,-0.0007,-0.0253,0.1446
mc_078,montecarlo,-0.1953,-0.1299,0.0915
mc_079,montecarlo,0.1239,-0.0611,0.0721
mc_080,montecarlo,-0.1608,0.001,-0.0485
mc_081,montecarlo,0.1952,-0.1351,0.0956
mc_082,montecarlo,0.1748,-0.0424,0.0613
mc_083,montecarlo,-0.0125,0.0984,0.0788
mc_084,montecarlo,0.0193,-0.1545,-0.1078
mc_085,montecarlo,-0.1288,0.1472,-0.0341
mc_086,montecarlo,0.1835,0.0793,-0.0869
mc_087,montecarlo,0.1999,0.1526,0.1394
mc_088,montecarlo,0.1401,-0.1202,0.0485
mc_089,montecarlo,-0.0196,-0.0454,-0.0538
mc_090,montecarlo,-0.1084,0.1062,-0.0401
mc_091,montecarlo,0.0207,-0.053,-0.0058
mc_092,montecarlo,-0.1322,0.1333,-0.1458
mc_093,montecarlo,-0.0781,-0.176,0.0073
mc_094,montecarlo,-0.0201,0.0846,0.0243
mc_095,montecarlo,0.0898,0.027,0.0774
mc_096,montecarlo,-0.1998,-0.1472,0.0741
mc_097,montecarlo,0.1328,-0.185,0.084
mc_098,montecarlo,-0.1194,0.1265,0.0582
mc_099,montecarlo,0.0827,0.1671,-0.0569
mc_100,montecarlo,-0.0323,-0.0904,-0.0737
mc_101,montecarlo,-0.0343,0.0545,-0.0449
mc_102,montecarlo,-0.1543,-0.1992,-0.0046
mc_103,montecarlo,-0.0838,0.1622,-0.0182
mc_104,montecarlo,0.0666,0.0734,-0.0808
mc_105,montecarlo,0.0609,0.0384,-0.0149
mc_106,montecarlo,-0.1212,-0.0684,0.1079
mc_107,montecarlo,0.1691,0.1135,-0.1035
mc_108,montecarlo,0.1636,0.0914,-0.0015
mc_109,montecarlo,0.1089,-0.169,-0.016
mc_110,montecarlo,-0.0656,-0.1958,-0.1297
mc_111,montecarlo,0.0372,0.1398,-0.0978
mc_112,montecarlo,-0.1115,-0.0947,-0.1019
mc_113,montecarlo,0.1182,0.1338,0.0459
mc_114,montecarlo,0.1386,-0.1575,-0.0839
mc_115,montecarlo,0.1555,-0.1654,0.064
mc_116,montecarlo,0.145,0.1953,0.1125
mc_117,montecarlo,0.013,0.1913,-0.067
mc_118,montecarlo,-0.1861,0.1555,-0.1271
mc_119,montecarlo,-0.059,0.1289,-0.1246
mc_120,montecarlo,-0.0892,0.1919,0.0513
mc_121,montecarlo,0.0658,-0.1593,-0.0832
mc_122,montecarlo,-0.0256,-0.0867,0.1082
mc_123,montecarlo,-0.1568,0.049,-0.1207
mc_124,montecarlo,-0.1845,-0.0042,0.1494
mc_125,montecarlo,-0.1257,-0.063,-0.0944
mc_126,montecarlo,-0.0672,-0.1617,-0.0249
mc_127,montecarlo,0.0871,-0.0344,-0.0305
mc_128,montecarlo,0.0641,0.0289,0.0334
mc_129,montecarlo,0.0926,0.0553,0.0842
mc_130,montecarlo,-0.0363,0.1431,0.0136
mc_131,montecarlo,-0.1434,0.0307,0.0706
mc_132,montecarlo,-0.1999,0.1544,0.008
mc_133,montecarlo,0.1761,0.1814,0.0048
mc_134,montecarlo,-0.0966,-0.0985,-0.1056
mc_135,montecarlo,-0.0525,0.0025,0.0991
mc_136,montecarlo,0.0334,0.0635,-0.1353
mc_137,montecarlo,0.0129,-0.0129,-0.1396
mc_138,montecarlo,-0.0116,-0.15,0.0813
mc_139,montecarlo,-0.1481,-0.0296,0.1373
mc_140,montecarlo,0.1563,-0.0516,-0.0735
mc_141,montecarlo,0.0734,0.1134,-0.0895
mc_142,montecarlo,-0.1718,0.1004,-0.1492
mc_143,montecarlo,0.1401,-0.0911,0.0454
mc_144,montecarlo,-0.137,0.0787,0.0918
mc_145,montecarlo,0.1014,-0.1483,-0.0202
mc_146,montecarlo,0.1548,0.0692,0.1122
mc_147,montecarlo,-0.0343,0.1739,-0.1197
mc_148,montecarlo,0.1626,0.0932,-0.0443
mc_149,montecarlo,-0.1132,0.169,0.0886
mc_150,montecarlo,0.1127,0.0165,-0.128
mc_151,montecarlo,0.1187,0.178,-0.1259
mc_152,montecarlo,-0.046,-0.0744,0.0586
mc_153,montecarlo,-0.0937,-0.128,-0.146
mc_154,montecarlo,0.1229,-0.1798,0.1349
mc_155,montecarlo,0.0586,0.0082,-0.0934
mc_156,montecarlo,0.0033,0.0974,-0.0384
mc_157,montecarlo,-0.1602,-0.1053,0.0972
mc_158,montecarlo,-0.0221,0.1199,-0.0796
mc_159,montecarlo,-0.1316,0.1295,0.0365
mc_160,montecarlo,0.1051,0.011,0.1258
mc_161,montecarlo,0.1857,0.1968,-0.017
mc_162,montecarlo,0.1661,-0.1219,-0.0348
mc_163,montecarlo,0.0169,0.1632,0.0419
mc_164,montecarlo,0.0761,-0.1871,0.1433
mc_165,montecarlo,-0.0421,-0.1834,-0.1328
mc_166,montecarlo,-0.0042,0.0227,0.1401
mc_167,montecarlo,-0.1773,-0.1743,0.0753
mc_168,montecarlo,0.0511,0.1319,0.0239
mc_169,montecarlo,-0.0157,-0.1122,0.0733
mc_170,montecarlo,-0.1199,-0.0806,-0.0675
mc_171,montecarlo,-0.1698,-0.1305,-0.0981
mc_172,montecarlo,0.0226,0.1358,0.0159
mc_173,montecarlo,0.0956,0.12,-0.0555
mc_174,montecarlo,0.1326,0.0396,0.1166
mc_175,montecarlo,-0.1896,-0.0176,-0.008
mc_176,montecarlo,-0.081,-0.1391,0.0408
mc_177,montecarlo,-0.106,-0.0445,-0.0469
mc_178,montecarlo,0.127,0.0505,-0.0011
mc_179,montecarlo,0.191,-0.0081,0.1129
mc_180,montecarlo,-0.0084,0.1086,0.0214
mc_181,montecarlo,-0.1209,-0.1414,-0.0297
mc_182,montecarlo,-0.079,0.0893,-0.0712
mc_183,montecarlo,-0.1903,-0.1991,0.1217
mc_184,montecarlo,0.028,-0.1908,0.0285
mc_185,montecarlo,0.1997,-0.0393,-0.1124
mc_186,montecarlo,-0.1044,0.0412,-0.0606
mc_187,montecarlo,0.1704,-0.1046,-0.0768
mc_188,montecarlo,0.0803,-0.1153,-0.0501
mc_189,montecarlo,-0.0642,-0.0223,-0.0133
mc_190,montecarlo,0.1806,-0.1677,0.1278
mc_191,montecarlo,0.0098,0.0732,-0.0055
mc_192,montecarlo,0.1495,0.1493,0.064
mc_193,montecarlo,-0.153,-0.0671,0.0627
mc_194,montecarlo,0.0431,0.0805,0.0554
mc_195,montecarlo,-0.0743,-0.057,0.0012
mc_196,montecarlo,0.1397,-0.0751,0.104
mc_197,montecarlo,0.0451,-0.0464,-0.1039
mc_198,montecarlo,0.0386,0.1897,-0.0588
mc_199,montecarlo,-0.0576,0.158,-0.1158
