run_id,kind,gen_delay,trans_delay,fuel,finished_at,minutes,status
oat_trans_delay_high,tornado,0.0,0.2,0.0,2026-10-02 09:54:55,5.40,ok
oat_gen_delay_low,tornado,-0.2,0.0,0.0,2026-10-02 09:54:59,5.47,ok
oat_trans_delay_low,tornado,0.0,-0.2,0.0,2026-10-02 09:55:00,5.49,ok
oat_gen_delay_high,tornado,0.2,0.0,0.0,2026-10-02 09:55:01,5.50,ok
oat_fuel_low,tornado,0.0,0.0,-0.15,2026-10-02 10:00:24,5.48,ok
mc_000,montecarlo,-0.0915,-0.016,-0.1131,2026-10-02 10:00:31,5.51,ok
mc_001,montecarlo,-0.0122,0.039,-0.0848,2026-10-02 10:00:32,5.51,ok
oat_fuel_high,tornado,0.0,0.0,0.15,2026-10-02 10:00:34,5.58,ok
mc_002,montecarlo,0.1966,0.0177,-0.0239,2026-10-02 10:06:25,6.02,ok
mc_003,montecarlo,-0.1948,-0.1717,0.1398,2026-10-02 10:06:38,6.12,ok
mc_004,montecarlo,0.0385,-0.0468,-0.143,2026-10-02 10:06:40,6.13,ok
mc_005,montecarlo,-0.0787,-0.1789,-0.0932,2026-10-02 10:06:44,6.17,ok
mc_000,montecarlo,-0.1157,-0.19,0.1346,2026-10-02 10:18:42,6.03,ok
mc_001,montecarlo,-0.0891,-0.0563,-0.0703,2026-10-02 10:18:44,6.06,ok
mc_002,montecarlo,-0.1011,0.1578,-0.1119,2026-10-02 10:18:49,6.14,ok
mc_003,montecarlo,0.035,0.1114,0.1296,2026-10-02 10:18:50,6.16,ok
mc_004,montecarlo,-0.1364,0.0359,-0.0594,2026-10-02 10:25:03,6.35,ok
mc_006,montecarlo,0.182,0.1171,-0.1146,2026-10-02 10:25:09,6.33,ok
mc_005,montecarlo,-0.1666,0.0139,-0.1365,2026-10-02 10:25:11,6.46,ok
mc_007,montecarlo,-0.0384,-0.1443,0.0362,2026-10-02 10:25:13,6.38,ok
mc_008,montecarlo,0.0953,-0.087,0.0127,2026-10-02 10:31:29,6.43,ok
mc_009,montecarlo,0.0985,0.0263,-0.0251,2026-10-02 10:31:31,6.36,ok
mc_011,montecarlo,-0.1569,0.1733,0.0437,2026-10-02 10:31:33,6.33,ok
mc_010,montecarlo,-0.1404,-0.0809,0.0075,2026-10-02 10:31:34,6.38,ok
mc_012,montecarlo,0.1573,0.0517,0.1421,2026-10-02 10:37:48,6.31,ok
mc_013,montecarlo,0.1731,-0.1708,-0.0372,2026-10-02 10:37:49,6.31,ok
mc_014,montecarlo,-0.0274,0.0414,0.0415,2026-10-02 10:37:53,6.34,ok
mc_015,montecarlo,-0.1445,-0.1922,0.0038,2026-10-02 10:37:57,6.38,ok
mc_018,montecarlo,0.1531,-0.0575,-0.1404,2026-10-02 10:51:17,6.13,ok
mc_016,montecarlo,-0.0145,0.0897,0.1269,2026-10-02 10:51:18,6.15,ok
mc_017,montecarlo,0.0252,-0.0352,0.0317,2026-10-02 10:51:18,6.16,ok
mc_019,montecarlo,0.1208,0.0083,-0.118,2026-10-02 10:57:26,6.15,ok
mc_020,montecarlo,0.1053,-0.0396,0.0865,2026-10-02 10:57:27,6.16,ok
mc_021,montecarlo,-0.094,0.1771,0.1484,2026-10-02 10:57:30,6.19,ok
mc_022,montecarlo,-0.0462,0.1417,0.0528,2026-10-02 11:03:17,5.84,ok
mc_024,montecarlo,0.1347,-0.0142,0.1197,2026-10-02 11:03:18,5.80,ok
mc_023,montecarlo,-0.1513,-0.071,0.0654,2026-10-02 11:03:19,5.85,ok
mc_026,montecarlo,0.0269,-0.1066,-0.0203,2026-10-02 11:09:22,6.07,ok
mc_027,montecarlo,0.002,-0.1516,0.1158,2026-10-02 11:09:25,6.11,ok
mc_025,montecarlo,0.1792,0.0045,0.0807,2026-10-02 11:09:26,6.15,ok
mc_029,montecarlo,0.1621,-0.0223,0.0257,2026-10-02 11:15:30,6.09,ok
mc_028,montecarlo,0.0429,0.0306,-0.1224,2026-10-02 11:15:30,6.14,ok
mc_030,montecarlo,0.1011,-0.1381,0.0185,2026-10-02 11:15:34,6.14,ok
mc_031,montecarlo,0.0522,0.1646,0.1228,2026-10-02 11:21:34,6.06,ok
mc_033,montecarlo,0.1922,0.0435,-0.0605,2026-10-02 11:21:37,6.06,ok
mc_032,montecarlo,-0.1889,0.1215,-0.1489,2026-10-02 11:21:40,6.16,ok
mc_039,montecarlo,-0.0426,0.1973,0.03,2026-10-04 12:47:29,11.89,ok
mc_036,montecarlo,-0.1499,-0.125,0.1475,2026-10-04 12:47:29,11.91,ok
mc_035,montecarlo,0.0676,-0.0039,-0.0638,2026-10-04 12:47:30,11.93,ok
mc_038,montecarlo,-0.0815,-0.0971,0.1364,2026-10-04 12:47:32,11.95,ok
mc_034,montecarlo,0.0304,-0.1161,-0.029,2026-10-04 12:47:32,11.96,ok
mc_037,montecarlo,-0.1931,0.0696,0.113,2026-10-04 12:47:33,11.97,ok
