run_id,kind,gen_delay,trans_delay,fuel,demand,finished_at,minutes,status
oat_demand_high,tornado,0.0,0.0,0.0,0.2,2026-10-04 13:20:53,29.09,ok
mc_001,montecarlo,-0.0891,-0.0563,-0.0703,0.1381,2026-10-04 13:20:58,29.18,ok
mc_003,montecarlo,0.035,0.1114,0.1296,-0.1703,2026-10-04 13:20:59,29.19,ok
mc_002,montecarlo,-0.1011,0.1578,-0.1119,-0.0346,2026-10-04 13:21:00,29.21,ok
mc_000,montecarlo,-0.1157,-0.19,0.1346,0.0528,2026-10-04 13:21:00,29.21,ok
oat_demand_low,tornado,0.0,0.0,0.0,-0.2,2026-10-04 13:21:00,29.22,ok
mc_004,montecarlo,-0.1364,0.0359,-0.0594,-0.0031,2026-10-04 13:31:52,10.99,ok
mc_006,montecarlo,0.182,0.1171,-0.1146,0.0559,2026-10-04 13:32:07,11.14,ok
mc_009,montecarlo,0.0985,0.0263,-0.0251,0.1728,2026-10-04 13:32:11,11.17,ok
mc_008,montecarlo,0.0953,-0.087,0.0127,0.0658,2026-10-04 13:32:12,11.20,ok
mc_005,montecarlo,-0.1666,0.0139,-0.1365,-0.058,2026-10-04 13:32:13,11.24,ok
mc_007,montecarlo,-0.0384,-0.1443,0.0362,-0.1252,2026-10-04 13:32:13,11.21,ok
mc_010,montecarlo,-0.1404,-0.0809,0.0075,-0.0375,2026-10-04 13:42:02,10.16,ok
mc_011,montecarlo,-0.1569,0.1733,0.0437,0.1918,2026-10-04 13:43:12,11.07,ok
mc_013,montecarlo,0.1731,-0.1708,-0.0372,0.0924,2026-10-04 13:43:13,11.02,ok
mc_012,montecarlo,0.1573,0.0517,0.1421,-0.0109,2026-10-04 13:43:15,11.07,ok
mc_014,montecarlo,-0.0274,0.0414,0.0415,0.1346,2026-10-04 13:43:15,11.03,ok
mc_015,montecarlo,-0.1445,-0.1922,0.0038,-0.1333,2026-10-04 13:43:17,11.07,ok
mc_016,montecarlo,-0.0145,0.0897,0.1269,0.0098,2026-10-04 13:50:01,7.99,ok
mc_017,montecarlo,0.0252,-0.0352,0.0317,0.0349,2026-10-04 13:52:29,9.30,ok
mc_020,montecarlo,0.1053,-0.0396,0.0865,0.1047,2026-10-04 13:52:34,9.32,ok
mc_018,montecarlo,0.1531,-0.0575,-0.1404,0.0677,2026-10-04 13:52:34,9.34,ok
mc_019,montecarlo,0.1208,0.0083,-0.118,-0.1358,2026-10-04 13:52:35,9.35,ok
mc_021,montecarlo,-0.094,0.1771,0.1484,-0.1581,2026-10-04 13:52:36,9.32,ok
mc_026,montecarlo,0.0269,-0.1066,-0.0203,0.1667,2026-10-04 17:19:57,12.53,ok
mc_025,montecarlo,0.1792,0.0045,0.0807,0.1133,2026-10-04 17:20:01,12.60,ok
mc_023,montecarlo,-0.1513,-0.071,0.0654,0.0613,2026-10-04 17:20:02,12.62,ok
mc_024,montecarlo,0.1347,-0.0142,0.1197,-0.0464,2026-10-04 17:20:06,12.68,ok
mc_027,montecarlo,0.002,-0.1516,0.1158,0.0297,2026-10-04 17:20:06,12.68,ok
mc_022,montecarlo,-0.0462,0.1417,0.0528,-0.1383,2026-10-04 17:20:08,12.71,ok
mc_028,montecarlo,0.0429,0.0306,-0.1224,0.0768,2026-10-04 17:32:44,12.79,ok
mc_031,montecarlo,0.0522,0.1646,0.1228,0.0389,2026-10-04 17:33:19,13.23,ok
mc_029,montecarlo,0.1621,-0.0223,0.0257,-0.0983,2026-10-04 17:33:28,13.46,ok
mc_032,montecarlo,-0.1889,0.1215,-0.1489,-0.0043,2026-10-04 17:33:30,13.40,ok
mc_030,montecarlo,0.1011,-0.1381,0.0185,-0.084,2026-10-04 17:33:31,13.47,ok
mc_033,montecarlo,0.1922,0.0435,-0.0605,0.157,2026-10-04 17:33:32,13.41,ok
mc_034,montecarlo,0.0304,-0.1161,-0.029,0.0462,2026-10-04 17:44:50,12.10,ok
mc_036,montecarlo,-0.1499,-0.125,0.1475,0.1431,2026-10-04 17:44:55,11.45,ok
mc_035,montecarlo,0.0676,-0.0039,-0.0638,-0.1145,2026-10-04 17:44:57,11.62,ok
mc_038,montecarlo,-0.0815,-0.0971,0.1364,-0.1942,2026-10-04 17:44:57,11.43,ok
mc_037,montecarlo,-0.1931,0.0696,0.113,-0.16,2026-10-04 17:44:57,11.45,ok
mc_039,montecarlo,-0.0426,0.1973,0.03,0.1527,2026-10-04 17:45:22,11.83,ok
mc_043,montecarlo,0.1279,0.0936,-0.0697,0.1184,2026-10-04 17:53:08,8.18,ok
mc_041,montecarlo,-0.1678,0.1884,0.0015,0.0891,2026-10-04 17:53:09,8.21,ok
mc_045,montecarlo,-0.0256,-0.1306,-0.0452,-0.1112,2026-10-04 17:53:09,7.77,ok
mc_042,montecarlo,-0.1237,0.1437,-0.0761,0.002,2026-10-04 17:53:09,8.20,ok
mc_044,montecarlo,-0.1723,0.0661,-0.1432,-0.0649,2026-10-04 17:53:09,8.19,ok
mc_040,montecarlo,0.0851,-0.182,-0.1338,-0.0468,2026-10-04 17:53:09,8.32,ok
mc_048,montecarlo,0.1127,-0.0283,0.0984,0.0238,2026-10-04 18:06:04,11.25,ok
mc_049,montecarlo,-0.0051,-0.0642,-0.0908,-0.0753,2026-10-04 18:06:12,11.38,ok
mc_046,montecarlo,0.0471,0.0213,0.1023,0.1854,2026-10-04 18:06:12,11.38,ok
mc_051,montecarlo,-0.1368,-0.0118,0.0699,0.1556,2026-10-04 18:06:12,11.38,ok
mc_047,montecarlo,0.0555,0.1024,-0.1385,-0.11,2026-10-04 18:06:14,11.41,ok
mc_050,montecarlo,0.0085,0.0577,0.1324,-0.199,2026-10-04 18:06:15,11.42,ok
mc_052,montecarlo,0.0923,-0.1104,0.0382,0.1,2026-10-04 18:13:18,7.23,ok
mc_053,montecarlo,0.0758,-0.0073,-0.1302,-0.1058,2026-10-04 18:14:21,8.15,ok
mc_054,montecarlo,-0.1804,-0.0756,0.1043,-0.154,2026-10-04 18:14:28,8.26,ok
mc_056,montecarlo,-0.0512,-0.1087,0.0879,-0.0776,2026-10-04 18:14:31,8.28,ok
mc_057,montecarlo,-0.0909,-0.1777,0.0524,-0.083,2026-10-04 18:14:33,8.30,ok
mc_055,montecarlo,-0.0693,0.0196,-0.0303,-0.0721,2026-10-04 18:14:35,8.38,ok
mc_058,montecarlo,-0.0539,0.0824,-0.0106,-0.1646,2026-10-04 18:19:38,6.33,ok
mc_059,montecarlo,-0.0622,0.1747,-0.1071,0.0951,2026-10-04 18:21:16,6.92,ok
mc_061,montecarlo,0.0787,0.0482,-0.0797,-0.1929,2026-10-04 18:21:32,7.02,ok
mc_060,montecarlo,0.0456,-0.1006,0.1214,0.0594,2026-10-04 18:21:32,7.07,ok
mc_062,montecarlo,-0.072,-0.1168,0.0343,-0.0683,2026-10-04 18:21:35,7.05,ok
mc_063,montecarlo,-0.0997,-0.0169,0.0565,0.1762,2026-10-04 18:21:39,7.07,ok
mc_064,montecarlo,-0.0755,0.183,-0.0886,-0.091,2026-10-04 18:26:01,6.39,ok
mc_065,montecarlo,0.0599,-0.0303,-0.0504,-0.0428,2026-10-04 18:27:46,6.50,ok
mc_068,montecarlo,0.0712,-0.0009,-0.0081,0.0836,2026-10-04 18:28:42,7.11,ok
mc_066,montecarlo,0.0141,-0.0495,0.0219,-0.1205,2026-10-04 18:28:43,7.20,ok
mc_069,montecarlo,-0.0097,0.1851,-0.1161,-0.1031,2026-10-04 18:28:47,7.13,ok
mc_067,montecarlo,-0.1763,0.0722,-0.0398,-0.1826,2026-10-04 18:28:47,7.25,ok
mc_070,montecarlo,-0.1058,-0.1416,-0.0945,0.1893,2026-10-04 18:32:14,6.22,ok
mc_071,montecarlo,0.1497,0.0107,0.0159,-0.1839,2026-10-04 18:33:59,6.21,ok
mc_072,montecarlo,-0.1789,-0.1628,0.0113,0.0163,2026-10-04 18:35:30,6.80,ok
mc_073,montecarlo,0.1153,0.1093,-0.0229,-0.0208,2026-10-04 18:35:33,6.83,ok
mc_074,montecarlo,0.1875,-0.0795,0.0947,0.1096,2026-10-04 18:35:37,6.84,ok
mc_075,montecarlo,0.0056,-0.0842,0.1053,0.1964,2026-10-04 18:35:39,6.86,ok
mc_076,montecarlo,-0.0496,0.0603,-0.0964,-0.0615,2026-10-04 18:38:21,6.11,ok
mc_077,montecarlo,-0.0007,-0.0253,0.1446,-0.0079,2026-10-04 18:40:12,6.22,ok
mc_078,montecarlo,-0.1953,-0.1299,0.0915,0.0432,2026-10-04 18:42:34,7.05,ok
mc_079,montecarlo,0.1239,-0.0611,0.0721,-0.1683,2026-10-04 18:42:38,7.08,ok
mc_081,montecarlo,0.1952,-0.1351,0.0956,-0.1869,2026-10-04 18:42:44,7.09,ok
mc_080,montecarlo,-0.1608,0.001,-0.0485,-0.1459,2026-10-04 18:42:46,7.14,ok
mc_082,montecarlo,0.1748,-0.0424,0.0613,0.1135,2026-10-04 18:44:25,6.07,ok
mc_083,montecarlo,-0.0125,0.0984,0.0788,0.1486,2026-10-04 18:46:16,6.07,ok
mc_084,montecarlo,0.0193,-0.1545,-0.1078,0.0198,2026-10-04 18:49:36,7.04,ok
mc_085,montecarlo,-0.1288,0.1472,-0.0341,0.1458,2026-10-04 18:49:52,7.23,ok
mc_086,montecarlo,0.1835,0.0793,-0.0869,0.072,2026-10-04 18:49:54,7.16,ok
mc_087,montecarlo,0.1999,0.1526,0.1394,-0.025,2026-10-04 18:49:55,7.15,ok
mc_088,montecarlo,0.1401,-0.1202,0.0485,-0.0558,2026-10-04 18:50:37,6.19,ok
mc_089,montecarlo,-0.0196,-0.0454,-0.0538,0.0819,2026-10-04 18:52:19,6.05,ok
mc_090,montecarlo,-0.1084,0.1062,-0.0401,0.1025,2026-10-04 18:56:30,6.90,ok
mc_093,montecarlo,-0.0781,-0.176,0.0073,-0.0868,2026-10-04 18:57:17,7.36,ok
mc_091,montecarlo,0.0207,-0.053,-0.0058,0.1285,2026-10-04 18:57:18,7.44,ok
mc_092,montecarlo,-0.1322,0.1333,-0.1458,-0.0174,2026-10-04 18:57:19,7.42,ok
mc_094,montecarlo,-0.0201,0.0846,0.0243,0.0321,2026-10-04 18:57:24,6.80,ok
mc_095,montecarlo,0.0898,0.027,0.0774,-0.0943,2026-10-04 18:58:26,6.12,ok
mc_096,montecarlo,-0.1998,-0.1472,0.0741,0.1328,2026-10-04 19:02:40,6.17,ok
mc_097,montecarlo,0.1328,-0.185,0.084,-0.1748,2026-10-04 19:04:20,7.06,ok
mc_099,montecarlo,0.0827,0.1671,-0.0569,0.1626,2026-10-04 19:04:25,7.09,ok
mc_098,montecarlo,-0.1194,0.1265,0.0582,-0.179,2026-10-04 19:04:28,7.16,ok
mc_100,montecarlo,-0.0323,-0.0904,-0.0737,0.0061,2026-10-04 19:04:32,7.14,ok
mc_101,montecarlo,-0.0343,0.0545,-0.0449,0.1999,2026-10-04 19:04:46,6.33,ok
mc_102,montecarlo,-0.1543,-0.1992,-0.0046,-0.1433,2026-10-04 19:09:01,6.34,ok
mc_103,montecarlo,-0.0838,0.1622,-0.0182,0.1817,2026-10-04 19:12:14,7.90,ok
mc_105,montecarlo,0.0609,0.0384,-0.0149,-0.1183,2026-10-04 19:12:20,7.86,ok
mc_104,montecarlo,0.0666,0.0734,-0.0808,-0.1498,2026-10-04 19:12:20,7.92,ok
mc_106,montecarlo,-0.1212,-0.0684,0.1079,0.0749,2026-10-04 19:12:22,7.82,ok
mc_107,montecarlo,0.1691,0.1135,-0.1035,0.1774,2026-10-04 19:12:24,7.63,ok
mc_108,montecarlo,0.1636,0.0914,-0.0015,-0.03,2026-10-04 19:15:02,6.02,ok
mc_109,montecarlo,0.1089,-0.169,-0.016,-0.1509,2026-10-04 19:19:57,7.72,ok
mc_110,montecarlo,-0.0656,-0.1958,-0.1297,-0.1287,2026-10-04 19:20:01,7.69,ok
mc_111,montecarlo,0.0372,0.1398,-0.0978,0.0226,2026-10-04 19:20:04,7.73,ok
mc_113,montecarlo,0.1182,0.1338,0.0459,0.1209,2026-10-04 19:20:07,7.72,ok
mc_112,montecarlo,-0.1115,-0.0947,-0.1019,0.0475,2026-10-04 19:20:09,7.79,ok
mc_114,montecarlo,0.1386,-0.1575,-0.0839,-0.0507,2026-10-04 19:21:10,6.14,ok
mc_115,montecarlo,0.1555,-0.1654,0.064,-0.0143,2026-10-04 19:27:00,7.05,ok
mc_117,montecarlo,0.013,0.1913,-0.067,0.0113,2026-10-04 19:27:07,7.06,ok
mc_118,montecarlo,-0.1861,0.1555,-0.1271,-0.0294,2026-10-04 19:27:10,7.05,ok
mc_116,montecarlo,0.145,0.1953,0.1125,0.1259,2026-10-04 19:27:10,7.15,ok
mc_119,montecarlo,-0.059,0.1289,-0.1246,0.1648,2026-10-04 19:27:11,7.04,ok
mc_035,montecarlo,0.0676,-0.0039,-0.0638,-0.1145,2026-10-04 19:39:14,9.36,ok
mc_041,montecarlo,-0.1678,0.1884,0.0015,0.0891,2026-10-04 19:39:14,9.36,ok
mc_037,montecarlo,-0.1931,0.0696,0.113,-0.16,2026-10-04 19:39:18,9.42,ok
mc_038,montecarlo,-0.0815,-0.0971,0.1364,-0.1942,2026-10-04 19:39:19,9.44,ok
mc_040,montecarlo,0.0851,-0.182,-0.1338,-0.0468,2026-10-04 19:39:19,9.44,ok
mc_036,montecarlo,-0.1499,-0.125,0.1475,0.1431,2026-10-04 19:39:19,9.45,ok
mc_042,montecarlo,-0.1237,0.1437,-0.0761,0.002,2026-10-04 19:44:40,5.43,ok
mc_043,montecarlo,0.1279,0.0936,-0.0697,0.1184,2026-10-04 19:44:47,5.55,ok
mc_044,montecarlo,-0.1723,0.0661,-0.1432,-0.0649,2026-10-04 19:44:51,5.56,ok
mc_045,montecarlo,-0.0256,-0.1306,-0.0452,-0.1112,2026-10-04 19:44:54,5.58,ok
